{
  "POST /auth/login" : {
    "transaction" : "POST /auth/login",
    "sampleCount" : 2000,
    "errorCount" : 1465,
    "errorPct" : 73.25,
    "meanResTime" : 47132.21650000005,
    "medianResTime" : 60021.0,
    "minResTime" : 18.0,
    "maxResTime" : 92532.0,
    "pct1ResTime" : 60054.9,
    "pct2ResTime" : 75320.6,
    "pct3ResTime" : 92305.95,
    "throughput" : 6.3619504467679695,
    "receivedKBytesPerSec" : 2.6172840475683032,
    "sentKBytesPerSec" : 1.7520215097544605
  },
  "GET /restaurants?q=pizza" : {
    "transaction" : "GET /restaurants?q=pizza",
    "sampleCount" : 2000,
    "errorCount" : 0,
    "errorPct" : 0.0,
    "meanResTime" : 38.96450000000003,
    "medianResTime" : 32.0,
    "minResTime" : 24.0,
    "maxResTime" : 1094.0,
    "pct1ResTime" : 47.0,
    "pct2ResTime" : 67.94999999999982,
    "pct3ResTime" : 139.0,
    "throughput" : 6.3742785113509965,
    "receivedKBytesPerSec" : 13.016226921127863,
    "sentKBytesPerSec" : 1.3756987802818068
  },
  "Total" : {
    "transaction" : "Total",
    "sampleCount" : 6000,
    "errorCount" : 2930,
    "errorPct" : 48.833332,
    "meanResTime" : 15733.378500000052,
    "medianResTime" : 34.0,
    "minResTime" : 18.0,
    "maxResTime" : 92532.0,
    "pct1ResTime" : 60024.0,
    "pct2ResTime" : 60031.0,
    "pct3ResTime" : 75882.89,
    "throughput" : 19.082330715873635,
    "receivedKBytesPerSec" : 17.051634053770826,
    "sentKBytesPerSec" : 5.765882760545373
  },
  "POST /restaurants/{id}/reviews" : {
    "transaction" : "POST /restaurants/{id}/reviews",
    "sampleCount" : 2000,
    "errorCount" : 1465,
    "errorPct" : 73.25,
    "meanResTime" : 28.954500000000053,
    "medianResTime" : 27.0,
    "minResTime" : 19.0,
    "maxResTime" : 245.0,
    "pct1ResTime" : 37.0,
    "pct2ResTime" : 44.0,
    "pct3ResTime" : 70.99000000000001,
    "throughput" : 6.374441041201199,
    "receivedKBytesPerSec" : 1.4492827060617748,
    "sentKBytesPerSec" : 2.6470737929199086
  }
}