{
  "POST /auth/login" : {
    "transaction" : "POST /auth/login",
    "sampleCount" : 500,
    "errorCount" : 71,
    "errorPct" : 14.2,
    "meanResTime" : 17997.255999999994,
    "medianResTime" : 16522.5,
    "minResTime" : 19.0,
    "maxResTime" : 58101.0,
    "pct1ResTime" : 40152.10000000001,
    "pct2ResTime" : 51517.84999999999,
    "pct3ResTime" : 57217.04,
    "throughput" : 3.521077167927212,
    "receivedKBytesPerSec" : 2.201319677715807,
    "sentKBytesPerSec" : 0.9696716419487049
  },
  "GET /restaurants?q=pizza" : {
    "transaction" : "GET /restaurants?q=pizza",
    "sampleCount" : 500,
    "errorCount" : 0,
    "errorPct" : 0.0,
    "meanResTime" : 34.484000000000016,
    "medianResTime" : 33.0,
    "minResTime" : 25.0,
    "maxResTime" : 89.0,
    "pct1ResTime" : 43.0,
    "pct2ResTime" : 47.0,
    "pct3ResTime" : 60.98000000000002,
    "throughput" : 3.5289052630093094,
    "receivedKBytesPerSec" : 7.205996977492641,
    "sentKBytesPerSec" : 0.7616094366455638
  },
  "Total" : {
    "transaction" : "Total",
    "sampleCount" : 1500,
    "errorCount" : 142,
    "errorPct" : 9.466666,
    "meanResTime" : 6021.4773333333305,
    "medianResTime" : 36.0,
    "minResTime" : 19.0,
    "maxResTime" : 58101.0,
    "pct1ResTime" : 23120.9,
    "pct2ResTime" : 36971.75,
    "pct3ResTime" : 53940.78,
    "throughput" : 10.557135215787845,
    "receivedKBytesPerSec" : 10.222523516018693,
    "sentKBytesPerSec" : 3.593000003519045
  },
  "POST /restaurants/{id}/reviews" : {
    "transaction" : "POST /restaurants/{id}/reviews",
    "sampleCount" : 500,
    "errorCount" : 71,
    "errorPct" : 14.2,
    "meanResTime" : 32.692,
    "medianResTime" : 31.5,
    "minResTime" : 21.0,
    "maxResTime" : 75.0,
    "pct1ResTime" : 40.0,
    "pct2ResTime" : 45.0,
    "pct3ResTime" : 56.99000000000001,
    "throughput" : 3.5288056404429353,
    "receivedKBytesPerSec" : 0.838932187824209,
    "sentKBytesPerSec" : 1.8695777695831068
  }
}