{
  "POST /auth/login" : {
    "transaction" : "POST /auth/login",
    "sampleCount" : 2500,
    "errorCount" : 2037,
    "errorPct" : 81.48,
    "meanResTime" : 51275.665999999925,
    "medianResTime" : 60023.0,
    "minResTime" : 19.0,
    "maxResTime" : 92551.0,
    "pct1ResTime" : 60054.9,
    "pct2ResTime" : 78336.74999999997,
    "pct3ResTime" : 92395.95999999999,
    "throughput" : 6.904532411256045,
    "receivedKBytesPerSec" : 2.6487161841894493,
    "sentKBytesPerSec" : 1.8999223412717043
  },
  "GET /restaurants?q=pizza" : {
    "transaction" : "GET /restaurants?q=pizza",
    "sampleCount" : 2500,
    "errorCount" : 3,
    "errorPct" : 0.12,
    "meanResTime" : 59.90399999999999,
    "medianResTime" : 33.0,
    "minResTime" : 25.0,
    "maxResTime" : 18938.0,
    "pct1ResTime" : 51.0,
    "pct2ResTime" : 63.0,
    "pct3ResTime" : 123.0,
    "throughput" : 6.917523747859026,
    "receivedKBytesPerSec" : 14.131366110636108,
    "sentKBytesPerSec" : 1.4911506064247193
  },
  "Total" : {
    "transaction" : "Total",
    "sampleCount" : 7500,
    "errorCount" : 4078,
    "errorPct" : 54.373333,
    "meanResTime" : 17173.349600000038,
    "medianResTime" : 35.0,
    "minResTime" : 18.0,
    "maxResTime" : 92551.0,
    "pct1ResTime" : 60027.0,
    "pct2ResTime" : 60036.0,
    "pct3ResTime" : 92039.9,
    "throughput" : 20.710108189605183,
    "receivedKBytesPerSec" : 18.420824156166642,
    "sentKBytesPerSec" : 6.127031575321283
  },
  "POST /restaurants/{id}/reviews" : {
    "transaction" : "POST /restaurants/{id}/reviews",
    "sampleCount" : 2500,
    "errorCount" : 2038,
    "errorPct" : 81.52,
    "meanResTime" : 184.4788,
    "medianResTime" : 27.0,
    "minResTime" : 18.0,
    "maxResTime" : 75004.0,
    "pct1ResTime" : 38.0,
    "pct2ResTime" : 44.0,
    "pct3ResTime" : 90.0,
    "throughput" : 6.917772587911054,
    "receivedKBytesPerSec" : 1.673587537840216,
    "sentKBytesPerSec" : 2.7450451237658697
  }
}