{
  "POST /auth/login" : {
    "transaction" : "POST /auth/login",
    "sampleCount" : 1500,
    "errorCount" : 856,
    "errorPct" : 57.066666,
    "meanResTime" : 40653.21466666666,
    "medianResTime" : 51075.0,
    "minResTime" : 19.0,
    "maxResTime" : 86030.0,
    "pct1ResTime" : 60026.0,
    "pct2ResTime" : 60030.0,
    "pct3ResTime" : 65177.66,
    "throughput" : 5.412446461883748,
    "receivedKBytesPerSec" : 2.675210899359166,
    "sentKBytesPerSec" : 1.475631643778032
  },
  "GET /restaurants?q=pizza" : {
    "transaction" : "GET /restaurants?q=pizza",
    "sampleCount" : 1500,
    "errorCount" : 5,
    "errorPct" : 0.33333334,
    "meanResTime" : 93.29599999999981,
    "medianResTime" : 32.0,
    "minResTime" : 24.0,
    "maxResTime" : 18072.0,
    "pct1ResTime" : 40.0,
    "pct2ResTime" : 44.950000000000045,
    "pct3ResTime" : 57.0,
    "throughput" : 5.419368824177611,
    "receivedKBytesPerSec" : 11.079010445833408,
    "sentKBytesPerSec" : 1.16571117360948
  },
  "Total" : {
    "transaction" : "Total",
    "sampleCount" : 4500,
    "errorCount" : 1722,
    "errorPct" : 38.266666,
    "meanResTime" : 13591.703333333357,
    "medianResTime" : 33.0,
    "minResTime" : 19.0,
    "maxResTime" : 86030.0,
    "pct1ResTime" : 60022.0,
    "pct2ResTime" : 60025.0,
    "pct3ResTime" : 60035.0,
    "throughput" : 16.23271216154795,
    "receivedKBytesPerSec" : 14.98109184941995,
    "sentKBytesPerSec" : 5.056165747714794
  },
  "POST /restaurants/{id}/reviews" : {
    "transaction" : "POST /restaurants/{id}/reviews",
    "sampleCount" : 1500,
    "errorCount" : 861,
    "errorPct" : 57.4,
    "meanResTime" : 28.599333333333302,
    "medianResTime" : 28.0,
    "minResTime" : 19.0,
    "maxResTime" : 117.0,
    "pct1ResTime" : 36.0,
    "pct2ResTime" : 39.0,
    "pct3ResTime" : 53.0,
    "throughput" : 5.419270927417898,
    "receivedKBytesPerSec" : 1.2468627501896743,
    "sentKBytesPerSec" : 2.4208017303280465
  }
}