{
  "POST /auth/login" : {
    "transaction" : "POST /auth/login",
    "sampleCount" : 1000,
    "errorCount" : 286,
    "errorPct" : 28.6,
    "meanResTime" : 32352.52,
    "medianResTime" : 33567.0,
    "minResTime" : 19.0,
    "maxResTime" : 77864.0,
    "pct1ResTime" : 60023.0,
    "pct2ResTime" : 60026.0,
    "pct3ResTime" : 72316.80000000002,
    "throughput" : 4.518507807981492,
    "receivedKBytesPerSec" : 2.589224114315988,
    "sentKBytesPerSec" : 1.2443546893074031
  },
  "GET /restaurants?q=pizza" : {
    "transaction" : "GET /restaurants?q=pizza",
    "sampleCount" : 1000,
    "errorCount" : 0,
    "errorPct" : 0.0,
    "meanResTime" : 33.128000000000064,
    "medianResTime" : 31.0,
    "minResTime" : 25.0,
    "maxResTime" : 94.0,
    "pct1ResTime" : 39.0,
    "pct2ResTime" : 43.0,
    "pct3ResTime" : 61.0,
    "throughput" : 4.524886877828055,
    "receivedKBytesPerSec" : 9.239783653846153,
    "sentKBytesPerSec" : 0.9765625
  },
  "Total" : {
    "transaction" : "Total",
    "sampleCount" : 3000,
    "errorCount" : 573,
    "errorPct" : 19.1,
    "meanResTime" : 10830.355333333313,
    "medianResTime" : 34.0,
    "minResTime" : 19.0,
    "maxResTime" : 77864.0,
    "pct1ResTime" : 49175.40000000001,
    "pct2ResTime" : 60021.0,
    "pct3ResTime" : 61383.3999999997,
    "throughput" : 13.55099238434228,
    "receivedKBytesPerSec" : 12.884655858432783,
    "sentKBytesPerSec" : 4.4847432764492785
  },
  "POST /restaurants/{id}/reviews" : {
    "transaction" : "POST /restaurants/{id}/reviews",
    "sampleCount" : 1000,
    "errorCount" : 287,
    "errorPct" : 28.7,
    "meanResTime" : 105.41800000000002,
    "medianResTime" : 29.0,
    "minResTime" : 20.0,
    "maxResTime" : 75008.0,
    "pct1ResTime" : 38.0,
    "pct2ResTime" : 41.0,
    "pct3ResTime" : 53.99000000000001,
    "throughput" : 4.52476403355565,
    "receivedKBytesPerSec" : 1.0744679655190357,
    "sentKBytesPerSec" : 2.2698408074893894
  }
}